Workbook

Sheet Category Reconciliation
A1: Category | B1: Spreadsheet Pivot Revenue (INR) | C1: Target Revenue (INR) | D1: Variance (INR) | E1: Percentage Variance | F1: Category Status | G1: SQL Diagnostic Revenue (INR) | H1: Reconciliation Diff (INR)
A2: Household Essentials | B2: =SUMIF('Monthly Data'!A:A, A2, 'Monthly Data'!D:D) | C2: =VLOOKUP(A2, 'Category Targets'!A:B, 2, FALSE) | D2: =B2-C2 | E2: =(B2-C2)/C2 | F2: =IF(B2>=C2, "Above Target", IF((B2-C2)/C2>=-0.15, "Below Target - Watch", "Below Target - Critical")) | G2: 21715 | H2: =B2-G2
A3: Personal Care | B3: =SUMIF('Monthly Data'!A:A, A3, 'Monthly Data'!D:D) | C3: =VLOOKUP(A3, 'Category Targets'!A:B, 2, FALSE) | D3: =B3-C3 | E3: =(B3-C3)/C3 | F3: =IF(B3>=C3, "Above Target", IF((B3-C3)/C3>=-0.15, "Below Target - Watch", "Below Target - Critical")) | G3: 16382 | H3: =B3-G3
A4: Bakery | B4: =SUMIF('Monthly Data'!A:A, A4, 'Monthly Data'!D:D) | C4: =VLOOKUP(A4, 'Category Targets'!A:B, 2, FALSE) | D4: =B4-C4 | E4: =(B4-C4)/C4 | F4: =IF(B4>=C4, "Above Target", IF((B4-C4)/C4>=-0.15, "Below Target - Watch", "Below Target - Critical")) | G4: 15410 | H4: =B4-G4
A5: Dairy & Eggs | B5: =SUMIF('Monthly Data'!A:A, A5, 'Monthly Data'!D:D) | C5: =VLOOKUP(A5, 'Category Targets'!A:B, 2, FALSE) | D5: =B5-C5 | E5: =(B5-C5)/C5 | F5: =IF(B5>=C5, "Above Target", IF((B5-C5)/C5>=-0.15, "Below Target - Watch", "Below Target - Critical")) | G5: 14090 | H5: =B5-G5
A6: Snacks & Beverages | B6: =SUMIF('Monthly Data'!A:A, A6, 'Monthly Data'!D:D) | C6: =VLOOKUP(A6, 'Category Targets'!A:B, 2, FALSE) | D6: =B6-C6 | E6: =(B6-C6)/C6 | F6: =IF(B6>=C6, "Above Target", IF((B6-C6)/C6>=-0.15, "Below Target - Watch", "Below Target - Critical")) | G6: 10895 | H6: =B6-G6
A7: Fruits & Vegetables | B7: =SUMIF('Monthly Data'!A:A, A7, 'Monthly Data'!D:D) | C7: =VLOOKUP(A7, 'Category Targets'!A:B, 2, FALSE) | D7: =B7-C7 | E7: =(B7-C7)/C7 | F7: =IF(B7>=C7, "Above Target", IF((B7-C7)/C7>=-0.15, "Below Target - Watch", "Below Target - Critical")) | G7: 9790 | H7: =B7-G7
A8: Grand Total | B8: =SUM(B2:B7) | C8: =SUM(C2:C7) | D8: =B8-C8 | E8: =(B8-C8)/C8 | F8: - | G8: =SUM(G2:G7) | H8: =B8-G8

Sheet Monthly Data
A1: category | B1: month | C1: order_count | D1: total_revenue | E1: avg_revenue
A2: Bakery | B2: 2026-01 | C2: 6 | D2: 735 | E2: 122.5
A3: Bakery | B3: 2026-02 | C3: 8 | D3: 2440 | E3: 305
A4: Bakery | B4: 2026-03 | C4: 11 | D4: 3090 | E4: 280.91
A5: Bakery | B5: 2026-04 | C5: 13 | D5: 3115 | E5: 239.62
A6: Bakery | B6: 2026-05 | C6: 15 | D6: 3695 | E6: 246.33
A7: Bakery | B7: 2026-06 | C7: 14 | D7: 2335 | E7: 166.79
A8: Dairy & Eggs | B8: 2026-01 | C8: 9 | D8: 2035 | E8: 226.11
A9: Dairy & Eggs | B9: 2026-02 | C9: 8 | D9: 1935 | E9: 241.88
A10: Dairy & Eggs | B10: 2026-03 | C10: 15 | D10: 3163 | E10: 210.87
A11: Dairy & Eggs | B11: 2026-04 | C11: 9 | D11: 1650 | E11: 183.33
A12: Dairy & Eggs | B12: 2026-05 | C12: 14 | D12: 3479 | E12: 248.5
A13: Dairy & Eggs | B13: 2026-06 | C13: 11 | D13: 1828 | E13: 166.18
... A37: Snacks & Beverages | B37: 2026-06 | C37: 15 | D37: 1960 | E37: 130.67

Sheet Category Targets
A1: category | B1: target_revenue_inr
A2: Fruits & Vegetables | B2: 12000
A3: Dairy & Eggs | B3: 16500
A4: Snacks & Beverages | B4: 13000
A5: Personal Care | B5: 15500
A6: Household Essentials | B6: 17000
A7: Bakery | B7: 12000
